学年,組,番号,姓,名
1,1,1,高橋,AGFT
1,1,2,斎藤,CLAF
1,1,3,田中,QPTS
1,1,4,山口,FQVA
1,1,5,伊藤,SJDY
1,1,6,吉田,CKJJ
1,1,7,小林,VTNZ
1,1,8,佐藤,BHRX
1,1,9,山田,PSBF
1,1,10,加藤,ZWWK
1,1,11,松本,RJJF
1,1,12,鈴木,SSBR
1,1,13,斎藤,TDKZ
1,1,14,斎藤,FHUB
1,1,15,佐藤,VKBX
1,1,16,木村,XHRK
1,1,17,松本,DDTN
1,1,18,木村,LQJZ
1,1,19,渡辺,NCBC
1,1,20,伊藤,VLBK
1,1,21,松本,NZWA
1,1,22,高橋,SNGR
1,1,23,高橋,HDAT
1,1,24,小林,ZUNC
1,1,25,加藤,WNEJ
1,2,1,伊藤,NUNA
1,2,2,吉田,MCJZ
1,2,3,加藤,FFPB
1,2,4,林,VZND
1,2,5,田中,YDNQ
1,2,6,山本,YUST
1,2,7,佐々木,ZRLN
1,2,8,高橋,FBAP
1,2,9,木村,FBRF
1,2,10,高橋,WBFS
1,2,11,山本,NTXP
1,2,12,中村,UVEC
1,2,13,山口,JKWB
1,2,14,高橋,BTVC
1,2,15,山本,ELLG
1,2,16,中村,WBVW
1,2,17,渡辺,BZWZ
1,2,18,中村,DMFK
1,2,19,佐藤,DAKY
1,2,20,松本,GSTU
1,2,21,林,DHZP
1,2,22,斎藤,BHBM
1,2,23,清水,DZBE
1,2,24,渡辺,BWKY
1,2,25,木村,FQQL
2,1,1,木村,PHGS
2,1,2,吉田,FKSH
2,1,3,吉田,YYAQ
2,1,4,木村,ZBFG
2,1,5,伊藤,XXJD
2,1,6,斎藤,SQZR
2,1,7,山本,SPYC
2,1,8,渡辺,GXTD
2,1,9,中村,QTER
2,1,10,小林,NGXB
2,1,11,山口,VBJD
2,1,12,小林,DLSP
2,1,13,高橋,BXXP
2,1,14,渡辺,PDDH
2,1,15,佐藤,XFFC
2,1,16,斎藤,XKQD
2,1,17,中村,WZVX
2,1,18,田中,EYUK
2,1,19,中村,GUCW
2,1,20,小林,FVMH
2,1,21,中村,FRKG
2,1,22,鈴木,ZGRK
2,1,23,斎藤,HAXG
2,1,24,木村,ZGCL
2,1,25,吉田,LZCX
2,2,1,山本,GTAY
2,2,2,斎藤,SYTE
2,2,3,高橋,BRHH
2,2,4,高橋,THHK
2,2,5,佐々木,SPER
2,2,6,佐々木,SXQH
2,2,7,斎藤,WHFU
2,2,8,渡辺,RMLF
2,2,9,林,VZTR
2,2,10,加藤,NRJV
2,2,11,中村,SFEA
2,2,12,山本,ZQUL
2,2,13,木村,ESMF
2,2,14,田中,XWXU
2,2,15,中村,EYNB
2,2,16,中村,YCDM
2,2,17,加藤,ZQYX
2,2,18,渡辺,VXLX
2,2,19,松本,XTMG
2,2,20,中村,WGUM
2,2,21,中村,GBGG
2,2,22,吉田,XBDK
2,2,23,渡辺,SBKP
2,2,24,山口,BVKU
2,2,25,田中,WUKA
3,1,1,山田,HKXW
3,1,2,吉田,TPQF
3,1,3,中村,GMKS
3,1,4,鈴木,TWYZ
3,1,5,斎藤,AKPA
3,1,6,山口,DMBK
3,1,7,山本,LJXG
3,1,8,山口,GBAN
3,1,9,山田,FBYA
3,1,10,田中,YEAD
3,1,11,渡辺,MCYM
3,1,12,小林,UEQT
3,1,13,高橋,UDHP
3,1,14,加藤,PXKY
3,1,15,山田,BSRC
3,1,16,加藤,WQCZ
3,1,17,佐藤,JLJN
3,1,18,吉田,ALML
3,1,19,山田,RVSL
3,1,20,清水,ZGVN
3,1,21,林,MVQH
3,1,22,中村,VCXF
3,1,23,松本,PSJM
3,1,24,吉田,EFVJ
3,1,25,渡辺,SGAY
3,2,1,佐々木,FKPF
3,2,2,林,RMVC
3,2,3,中村,KFRJ
3,2,4,斎藤,NLTH
3,2,5,松本,GGCE
3,2,6,高橋,TYSE
3,2,7,林,GQUQ
3,2,8,吉田,VHJH
3,2,9,斎藤,DBBH
3,2,10,渡辺,RUCA
3,2,11,加藤,MLEB
3,2,12,林,CBMP
3,2,13,佐藤,DVYC
3,2,14,佐藤,CUQU
3,2,15,中村,UKXH
3,2,16,木村,ZHQQ
3,2,17,高橋,YEFR
3,2,18,伊藤,FPDK
3,2,19,渡辺,MAGG
3,2,20,松本,BFGU
3,2,21,木村,RYLP
3,2,22,渡辺,XVBD
3,2,23,加藤,QVYL
3,2,24,松本,SSYN
3,2,25,林,LQXT
4,1,1,渡辺,GCZW
4,1,2,木村,QAUV
4,1,3,木村,AUMR
4,1,4,小林,EQRM
4,1,5,鈴木,MKHC
4,1,6,伊藤,HSGY
4,1,7,斎藤,ACGC
4,1,8,渡辺,WVAW
4,1,9,松本,KEJU
4,1,10,山口,UEPY
4,1,11,松本,XMAR
4,1,12,中村,THAK
4,1,13,中村,ZXMC
4,1,14,渡辺,MTNG
4,1,15,林,ZFPK
4,1,16,渡辺,NXWG
4,1,17,山口,JUGA
4,1,18,伊藤,WPRW
4,1,19,松本,NJPP
4,1,20,松本,YWZF
4,1,21,佐々木,FUBT
4,1,22,佐々木,KRVZ
4,1,23,林,ZDZH
4,1,24,高橋,WLNL
4,1,25,渡辺,KRDM
4,2,1,小林,JSRW
4,2,2,斎藤,KHTU
4,2,3,斎藤,ABRY
4,2,4,山口,TLCR
4,2,5,高橋,LSXB
4,2,6,松本,HJDN
4,2,7,木村,SEEQ
4,2,8,佐々木,QFXD
4,2,9,松本,RMSX
4,2,10,松本,XSDL
4,2,11,山田,ZHZS
4,2,12,松本,WEKM
4,2,13,中村,KJHS
4,2,14,田中,ZRGP
4,2,15,佐藤,XTVX
4,2,16,中村,QJRQ
4,2,17,渡辺,RXRH
4,2,18,松本,AJDX
4,2,19,吉田,TEDN
4,2,20,山田,NXVG
4,2,21,林,ZHWV
4,2,22,松本,ZDZW
4,2,23,佐々木,ZVJU
4,2,24,田中,GCJT
4,2,25,小林,QVYC
5,1,1,中村,MQYH
5,1,2,渡辺,FBVX
5,1,3,加藤,RCBA
5,1,4,林,CFNK
5,1,5,山田,STYL
5,1,6,林,XRWQ
5,1,7,小林,AJLY
5,1,8,山田,CSPZ
5,1,9,山田,BGZY
5,1,10,松本,CFRZ
5,1,11,佐藤,UFDP
5,1,12,鈴木,VPQV
5,1,13,中村,HDXA
5,1,14,渡辺,ZNVC
5,1,15,田中,DJUQ
5,1,16,佐々木,EBTN
5,1,17,鈴木,MUNC
5,1,18,清水,FQTX
5,1,19,清水,HRAZ
5,1,20,佐々木,LCTL
5,1,21,鈴木,HDDQ
5,1,22,木村,PHZN
5,1,23,松本,NLVC
5,1,24,斎藤,TFLF
5,1,25,吉田,VKTH
5,2,1,吉田,RJDY
5,2,2,鈴木,CCLT
5,2,3,山田,VPQP
5,2,4,吉田,SKWY
5,2,5,山口,WTZQ
5,2,6,山田,CNDM
5,2,7,高橋,JPCG
5,2,8,中村,VWZV
5,2,9,山田,SPQR
5,2,10,小林,AGUY
5,2,11,山田,AWPK
5,2,12,渡辺,TZCN
5,2,13,佐々木,LJJT
5,2,14,木村,QXDU
5,2,15,林,SGRM
5,2,16,松本,KFNJ
5,2,17,高橋,GSMS
5,2,18,佐藤,FZBE
5,2,19,鈴木,UUGC
5,2,20,林,TEKS
5,2,21,清水,PSJK
5,2,22,佐藤,LMBH
5,2,23,山口,PTLC
5,2,24,田中,ZEYM
5,2,25,山田,CWFQ
6,1,1,清水,BWTF
6,1,2,中村,BRNE
6,1,3,山田,JYRD
6,1,4,高橋,DEQU
6,1,5,鈴木,EUMU
6,1,6,木村,LYPR
6,1,7,小林,HZHL
6,1,8,林,LHGB
6,1,9,清水,BMAJ
6,1,10,加藤,BWWQ
6,1,11,清水,KPYT
6,1,12,佐藤,LVRH
6,1,13,林,NYLV
6,1,14,吉田,ZCRA
6,1,15,松本,ZNQJ
6,1,16,加藤,KUSB
6,1,17,吉田,BCSG
6,1,18,渡辺,WJPD
6,1,19,山田,HRRD
6,1,20,鈴木,HKUV
6,1,21,清水,CSNA
6,1,22,加藤,EFYM
6,1,23,加藤,ZDHU
6,1,24,清水,UWXA
6,1,25,吉田,XQQD
6,2,1,伊藤,VUVD
6,2,2,松本,BJTZ
6,2,3,渡辺,GTLN
6,2,4,加藤,ZUXE
6,2,5,渡辺,ZMGK
6,2,6,清水,LDEQ
6,2,7,小林,BMJY
6,2,8,清水,WGUG
6,2,9,清水,DLYF
6,2,10,松本,XYKK
6,2,11,松本,FZJA
6,2,12,高橋,WRUD
6,2,13,加藤,YMVU
6,2,14,林,LABG
6,2,15,渡辺,PTNC
6,2,16,加藤,FCFR
6,2,17,渡辺,LCXQ
6,2,18,田中,RPTG
6,2,19,田中,QFKR
6,2,20,清水,NJYP
6,2,21,清水,PKMR
6,2,22,山田,GAUJ
6,2,23,高橋,UTHB
6,2,24,斎藤,JRVS
6,2,25,林,RVBU
